state_name,state_abbrev,state_fips,issuance_unit_type,issuance_unit_label,issuance_unit_count,issuance_units,issuance_units_source_url,license_types_normalized,license_types_raw_labels,license_types_source_url,addons_tags_permits,addons_source_url,min_license_year,min_license_year_source_url,min_license_year_confidence,notes,missing_geos
Colorado,CO,8,GMU,Game Management Unit (GMU),185,GMU 1|GMU 2|GMU 3|GMU 4|GMU 5|GMU 6|GMU 7|GMU 8|GMU 9|GMU 10|GMU 11|GMU 12|GMU 13|GMU 14|GMU 15|GMU 181|GMU 371|GMU 444|GMU 461|GMU 751 [...~185 total - see source URL],https://cpw.state.co.us/learn/Pages/Maps.aspx,Resident|Nonresident|Annual|Lifetime|Youth|Senior|Disabled|Veteran|Hunting|Combo Hunt/Fish|Trapping|Sportsman,Resident Annual Small Game|Nonresident Annual Small Game|Youth Small Game|Resident Small Game & Fishing Combo|Resident Veteran Lifetime Combo|Mobility-Impaired Hunting License|Habitat Stamp (mandatory 18-64),https://cpw.state.co.us/hunting/big-game/qualifying-license,Deer (OTC/draw)|Elk (OTC/draw)|Pronghorn (draw)|Bear (OTC/draw)|Moose (draw)|Mountain Goat (draw)|Bighorn Sheep (draw)|Turkey (OTC/draw)|Mountain Lion (OTC)|Bison|CO Waterfowl Stamp|Federal Duck Stamp|Habitat Stamp|Furbearer License,https://cpw.state.co.us/hunting/big-game,1899,https://coloradoencyclopedia.org/article/colorado-parks-and-wildlife,high,CO legislature established Dept of Game and Fish Apr 27 1899. First licenses administered in 1903 under Commissioner Woodard. ~185 GMUs  with both sequential and 3-digit sub-unit numbers. Big game licenses allotted per GMU via OTC or limited draw with preference points. ,y
Georgia,GA,13,County,County,159,Appling|Atkinson|Bacon|Baker|Baldwin|Banks|Barrow|Bartow|Ben Hill|Berrien|Bibb|Bleckley|Brantley|Brooks|Bryan [...159 total - see source URL],https://georgiawildlife.com/hunting,Resident|Nonresident|Annual|Short-term|Lifetime|Youth|Senior|Disabled|Veteran|Hunting|Combo Hunt/Fish|Sportsman|Apprentice,Resident Hunting License|Nonresident Hunting License (annual/1-day/3-day/7-day)|Resident Sportsman's License|Nonresident Sportsman's License|Resident Combo Hunt/Fish|Resident Optional Youth Sportsman's License|Lifetime Sportsman's License|Senior Lifetime Sportsman's License (free born before Jul 1 1952)|Disability Hunting License|Honorary Veterans License,https://georgiawildlife.com/licenses-permits-passes/choose,Big Game License (deer/turkey/bear)|GA Waterfowl & Migratory Bird License|Federal Duck Stamp|Harvest Record (free required)|Alligator Harvest Permit (quota draw)|Lands Pass (WMA access)|HIP Certification,https://georgiawildlife.com/licenses-permits-passes/choose,1911,https://dlg.usg.edu/record/dlg_ggpd_s-ga-bn200-pg2-bm1-b2012-bc4-belec-p-btext,high,GA Dept of Game and Fish established 1911 financed by license fees. Self-sustaining from inception. 148 wardens by 1913. 104 WMAs exist but licensing is statewide; either-sex days and bag limits set by county. Big Game License required as add-on for deer/turkey/bear.,y
Illinois,IL,17,County,County,102,Adams|Alexander|Bond|Boone|Brown|Bureau|Calhoun|Carroll|Cass|Champaign|Christian|Clark|Clay|Clinton|Coles [...102 total - see source URL],https://dnr.illinois.gov/,Resident|Nonresident|Annual|Lifetime|Youth|Senior|Apprentice|Hunting|Combo Hunt/Fish|Trapping,Resident Hunting License|Resident Youth Hunting and Trapping License|Resident Combination Hunting/Fishing License|Resident Senior Hunting License (65+)|Nonresident Hunting License|Apprentice Hunting License|Resident Lifetime Hunting License,https://dnr.illinois.gov/lpr/huntinglicensesfees.html,Firearm Deer Permit (county lottery)|Archery Deer Permit|Muzzleloader Deer Permit|Combination Deer Permit|Antlerless Deer Permit|Turkey Permit (spring/fall)|State Habitat Stamp (mandatory)|IL Migratory Waterfowl Stamp|Federal Duck Stamp|FOID Card (firearms),https://dnr.illinois.gov/lpr/huntinglicensesfees.html,1903,https://sangamoncountyhistory.org/wp/first-hunting-license-1903/,high,IL hunting license law enacted 1903. First license issued Jun 11 1903 in Sangamon County to Horace S. Rearden. 12000 licenses issued statewide in Jul 1903. Firearm deer permits county-specific lottery. FOID card required for all firearms hunting.,y
Indiana,IN,18,County,County,92,Adams|Allen|Bartholomew|Benton|Blackford|Boone|Brown|Carroll|Cass|Clark|Clay|Clinton|Crawford|Daviess|Dearborn [...92 total - see source URL],https://www.in.gov/dnr/fish-and-wildlife/,Resident|Nonresident|Annual|Short-term|Lifetime|Youth|Disabled|Veteran|Hunting|Combo Hunt/Fish|Trapping,Resident Annual Hunting License|Resident Youth Consolidated Hunt/Trap License|Resident Hunting & Fishing Combination|DAV Hunting & Fishing License|10-Year DAV Hunting & Fishing|Nonresident Annual Hunting License|Nonresident Youth Annual Hunting License|Nonresident Five-Day Hunting License,https://www.in.gov/dnr/fish-and-wildlife/licenses-and-permits/license-fees/,Deer License Bundle|Deer Archery|Deer Firearm|Deer Muzzleloader|Antlerless Deer|Turkey Spring/Fall|Waterfowl Stamp Privilege|Game Bird Habitat Stamp|Federal Duck Stamp|Bobcat License,https://www.in.gov/dnr/fish-and-wildlife/licenses-and-permits/license-fees/,1901,https://waterfowlstampsandmore.com/gallery-7/1901-1930-indiana-hunting-and-fishing-licenses/,medium,Earliest known IN hunting license is 1901 Indiana Hunter's License (collector records).  Lifetime licenses discontinued Jul 1 2005; existing ones honored.  Antlerless bag limits set per county. Waterfowl managed by 3 zones (North/Central/South). ,y
Iowa,IA,19,County,County,99,Adair|Adams|Allamakee|Appanoose|Audubon|Benton|Black Hawk|Boone|Bremer|Buchanan|Buena Vista|Butler|Calhoun|Carroll|Cass|Cedar|Cerro Gordo|Cherokee|Chickasaw|Clarke|Clay|Clayton|Clinton|Crawford|Dallas|Davis|Decatur|Delaware|Des Moines|Dickinson [...99 total - see source URL],https://www.iowadnr.gov/things-do/hunting-trapping/types-hunting-trapping/deer-hunting,Resident|Nonresident|Annual|Lifetime|Youth|Senior|Disabled|Apprentice|Hunting|Combo Hunt/Fish|Trapping/Fur Harvester,Resident Hunting License|Resident Hunting/Habitat Fee Combo|Resident Outdoor Combo (Hunt+Fish+Habitat)|Nonresident Hunting License|Under 18 Hunting License|Lifetime Hunting License|Fur Harvester License|Trapping License,https://www.iowadnr.gov/hunting/hunting-licenses-laws,Deer Tags (any-sex county-specific)|Antlerless Deer Tag (county quotas)|Turkey Tags (zone/season)|IA Migratory Game Bird Fee|Habitat Fee (mandatory)|Federal Duck Stamp|Preference Points,https://www.iowadnr.gov/things-do/hunting-trapping/types-hunting-trapping/deer-hunting,1909,https://waterfowlstampsandmore.com/earliest-hunting-fishing-licenses/,medium,Earliest known IA hunting license is 1909 Resident Hunting License (collector records).  Mandatory Habitat Fee ($16) required for all hunters. Deer tags county-specific with quotas. Low-income seniors 65+ and permanently disabled get free licenses. ,y
Kansas,KS,20,DMU,Deer Management Unit (DMU),21,1|2|3|4|5|6|7|8|8A (Fort Riley)|9|10|10A (Fort Leavenworth)|11|12|13|14|15|16|17|18|19,https://ksoutdoors.gov/Hunting/Hunting-Regulations/Maps/Kansas-Deer-Management-Unit-Map,Resident|Nonresident|Annual|Multi-year|Lifetime|Youth|Senior|Military|Hunting|Combo Hunt/Fish|Furtaker,Resident Annual Hunting License|Resident Senior Annual Hunting License|Resident Youth Multi-year Hunting License|Resident Annual Hunt/Fish Combination|Nonresident Annual Hunting License|Lifetime Hunting License|Lifetime Hunt/Fish Combination|Controlled Shooting Area License|National Guard Permit|Resident Furharvester License,https://ksoutdoors.gov/Hunting/Applications-and-Fees/General,Deer Archery (OTC)|Deer Firearm (draw)|Antlerless Whitetail (OTC)|Mule Deer Stamp (draw)|Turkey Spring/Fall|Antelope (draw)|Elk (draw)|KS Waterfowl Stamp|Federal Duck Stamp|Sandhill Crane Permit,https://ksoutdoors.gov/Hunting/Applications-and-Fees/Deer,1905,https://waterfowlstampsandmore.com/earliest-hunting-fishing-licenses/,medium,Earliest known KS hunting license is 1905-06 Resident License to Hunt (collector records).  105 counties; 21 DMUs (groups of counties) for big game permits. Units 8A and 10A are military installations. Base hunting license is statewide; big game permits are DMU-specific.,n
Kentucky,KY,21,County,County,120,Adair|Allen|Anderson|Ballard|Barren|Bath|Bell|Boone|Bourbon|Boyd|Boyle|Bracken|Breathitt|Breckinridge|Bullitt [...120 total - see source URL],https://fw.ky.gov/Hunt/Pages/default.aspx,Resident|Nonresident|Annual|Short-term|Lifetime|Youth|Senior|Disabled|Veteran|Hunting|Combo Hunt/Fish|Trapping|Sportsman,Resident Hunting License|Nonresident Annual Hunting License|1-Day Hunting License|7-Day Small Game Hunting License|NR 1-Day/5-Day Hunting License|Jr. Hunting License (12-15)|Combination Fishing and Hunting License|Sportsman License|Jr. Sportsman License|Senior/Disabled License (65+)|Senior Lifetime Sportsman's License|Resident Trapping License,https://fw.ky.gov/Licenses/Pages/default.aspx,Deer Permit|Additional Deer Permits (bonus)|Spring Turkey Permit|Fall Turkey Permit|Bear Permit|Elk Draw Permit (lottery)|Migratory Game Bird-Waterfowl Permit|Federal Duck Stamp|HIP Certification,https://fw.ky.gov/Hunt/Pages/Licenses-and-Permits.aspx,1912,https://fw.ky.gov/More/Pages/History.aspx,high,KY Game and Fish Commission formed by legislature in 1912; generated $31000 from license sales in first 5 months. County licenses eliminated 1952; only statewide licenses since. License year Mar 1-Feb 28. Children under 12 exempt. Farmland owners exempt on own land (except deer/turkey).,y
Maine,ME,23,WMD,Wildlife Management District (WMD),29,WMD 1|WMD 2|WMD 3|WMD 4|WMD 5|WMD 6|WMD 7|WMD 8|WMD 9|WMD 10|WMD 11|WMD 12|WMD 13|WMD 14|WMD 15|WMD 16|WMD 17|WMD 18|WMD 19|WMD 20|WMD 21|WMD 22|WMD 23|WMD 24|WMD 25|WMD 26|WMD 27|WMD 28|WMD 29,https://www.maine.gov/ifw/hunting-trapping/wildlife-management-districts/wmd-descriptions.html,Resident|Nonresident|Alien|Annual|Short-term|Lifetime|Youth|Senior|Disabled|Veteran|Apprentice|Hunting|Combo Hunt/Fish|Trapping|Sportsman,Resident Hunting License (big game)|Resident Small Game Hunting License|Resident Archery Hunting License|Resident Combination Fish/Hunt|Resident Super Pack License ($212 all-inclusive)|Nonresident Hunting License|Nonresident 3-Day Small Game License|Nonresident Alien Hunting License|Junior Hunting License (under 16)|Apprentice Hunting License|Lifetime License (age-tiered)|Complimentary License (50%+ disabled vet/tribal),https://www.maine.gov/ifw/hunting-trapping/hunting/laws-rules/licenses-permits.html,Muzzleloader Permit|Crossbow Permit|Bear Permit|Turkey Permit (spring/fall)|Moose Permit (lottery/auction)|Antlerless Deer Permit (lottery)|Expanded Archery Antlerless Permit|Pheasant Hunting Authority|ME Migratory Waterfowl Permit|Federal Duck Stamp|Coyote Night Hunt Permit,https://www.maine.gov/ifw/hunting-trapping/hunting/laws-rules/licenses-permits.html,1903,https://waterfowlstampsandmore.com/earliest-hunting-fishing-licenses/,medium,Earliest known ME license is 1903 NR Hunting License (collector records). WMDs created ~2000 (originally 30 reduced to 29 in 2006). Pre-2000 antique licenses would not reference WMDs. Super Pack license is all-inclusive for $212. Alien (non-US citizen) NR category exists.,n
Maryland,MD,24,County,County; Deer Management Region (regulatory overlay),24,Allegany|Anne Arundel|Baltimore County|Baltimore City|Calvert|Caroline|Carroll|Cecil|Charles|Dorchester|Frederick|Garrett|Harford|Howard|Kent|Montgomery|Prince George's|Queen Anne's|St. Mary's|Somerset|Talbot|Washington|Wicomico|Worcester,https://dnr.maryland.gov/pages/service_hunting_license.aspx,Resident|Nonresident|Annual|Short-term|Lifetime|Youth|Senior|Disabled|Veteran|Apprentice|Hunting|Trapping,Resident Regular Hunting License|Resident Junior Hunting License (under 16)|Resident Senior Hunting License (65+)|Nonresident Hunting License|Nonresident Junior Hunting License|Nonresident Senior Hunting License|Nonresident 3-Day Waterfowl and Small Game License|Nonresident Trapping License|Resident Apprentice Hunting License|Complimentary Lifetime License (100% disabled vet/POW),https://dnr.maryland.gov/pages/service_hunting_license.aspx,MD Migratory Game Bird Stamp|Resident/NR Archery Stamp|Resident/NR Muzzleloader Stamp|Bonus Antlered Deer Stamp|Sika Deer Stamp|Furbearer Permit|Black Bear Hunting Permit (lottery)|Federal Duck Stamp|Snow Goose Conservation Order Permit,https://www.eregulations.com/maryland/hunting/hunting-licenses,1872,https://waterfowlstampsandmore.com/earliest-hunting-fishing-licenses/,medium,MD 1872 law required $20 license for sink-box waterfowl hunting on Susquehanna Flats—earliest known US hunting license of any kind. General county hunting licenses ~1910 (earliest known specimen: 1910 Baltimore County NR license). Statewide licenses ~1916-18. 23 counties + Baltimore City = 24 jurisdictions. Deer managed by Region A (western) and Region B (all other).,n
Michigan,MI,26,DMU,Deer Management Unit (DMU),100,DMU 001|DMU 006|DMU 018|DMU 046 (Lenawee Co.)|DMU 047 (Livingston Co.)|DMU 052|DMU 056|DMU 065|DMU 070|DMU 075|DMU 086|DMU 121|DMU 122|DMU 127|DMU 245|DMU 273|DMU 486 [...~100 total - see source URL],https://www.michigan.gov/dnr/managing-resources/wildlife/deer/deer-management-unit-info,Resident|Nonresident|Annual|Short-term|Lifetime|Youth|Senior|Disabled|Veteran|Military|Hunting|Combo Hunt/Fish|Fur Harvester|Apprentice,Base License (Resident/NR)|Deer License|Deer Combo|Antlerless Deer|Senior Hunting License|Mentored Youth License|Hunt/Fish Combo |Lifetime Comprehensive Hunt/Fish|Fur Harvester License|7-Day NR Small Game|3-Day NR Small Game,https://www.eregulations.com/michigan/hunting/licenses-fees,Deer|Deer Combo|Antlerless|Turkey (Spring/Fall)|Bear|Elk (lottery)|Waterfowl|Federal Duck Stamp|DMAP,https://www.eregulations.com/michigan/hunting/licenses-fees,1895,https://www.nrahlf.org/articles/2019/7/31/the-long-history-of-nonresident-hunting-licenses/,high,Michigan among first states to require hunting license in 1895 (resident $0.50/NR $25) specifically for deer. 83 counties; many Lower Peninsula DMUs correspond to single counties. DMU numbering non-contiguous (001-486+).,y
Minnesota,MN,27,DPA,Deer Permit Area (DPA),130,DPA 100-series (northern)|DPA 200-series (central/western)|DPA 300-series (southeast)|DPA 600-series (CWD management: 601|604|605|642-649|655|661|666|671|679|684)|DPA 701 (special) [...~130 total - see source URL],https://www.dnr.state.mn.us/mammals/deer/management/dpas.html,Resident|Nonresident|Annual|Youth|Senior|Military|Veteran|Hunting|Combo Hunt/Fish|Trapping|Sportsman,Resident Small Game|Nonresident Small Game|Resident Firearm Deer|Resident Archery Deer|Resident Muzzleloader Deer|Sporting License (combo)|Super Sports License|Youth Small Game|Bear License|Turkey License|Trapping License,https://www.eregulations.com/minnesota/hunting/hunting-licenses-and-fees,Deer Bonus (Antlerless)|Bear (lottery/no-quota)|Turkey|Elk (lottery)|Waterfowl Stamp|Pheasant Stamp|Federal Duck Stamp|Apprentice Hunter Validation,https://www.eregulations.com/minnesota/hunting/hunting-licenses-and-fees,1899,https://www.nrahlf.org/articles/2019/7/31/the-long-history-of-nonresident-hunting-licenses/,high,MN first required resident hunting license in 1899 at $0.25 (NR $25). Species-specific license system (no single general hunting license).  87 counties; DPAs group counties by habitat/land use. Hunters must declare DPA at deer license purchase.,y
Missouri,MO,29,County,County,115,Adair|Andrew|Atchison|Audrain|Barry|Barton|Bates|Benton|Bollinger|Boone|Buchanan|Butler|Caldwell|Callaway|Camden [...114 counties + St. Louis City = 115 total - see source URL],https://mdc.mo.gov/hunting-trapping/species/deer/deer-permits,Resident|Nonresident|Annual|Lifetime|Youth|Senior|Disabled|Veteran|Military|Hunting|Combo Hunt/Fish|Trapping|Sportsman|Apprentice,Resident Small Game Hunting Permit|Resident Hunting and Fishing Permit|Resident Lifetime Small Game Hunting Permit|Resident Lifetime Conservation Partner Permit|Nonresident Small Game Hunting Permit|Apprentice Hunter Authorization|Military Reduced Cost Permit,https://mdc.mo.gov/permits/hunting-permits,Deer Firearms Any-Deer|Archer's Hunting Permit|Antlerless Deer (county-specific)|Turkey Spring/Fall|Black Bear (draw residents only)|Elk (draw residents only)|Migratory Bird Permit|Conservation Order Permit|Furbearer Permit|Federal Duck Stamp,https://mdc.mo.gov/hunting-trapping/species/deer/deer-permits,1913,https://waterfowlstampsandmore.com/1913-hunting-fishing-licenses-a-historical-perspective-part-one/,medium,MO uses 'permits' not 'licenses' for hunting credentials. Earliest known MO hunting license Jan 6 1913 (county resident hunter's license). MO Conservation Commission formed 1937. Residents 65+ exempt from small game/bird permits. Antlerless deer quotas set by county. 114 counties + St. Louis City.,y
Montana,MT,30,Hunting District,Hunting District (HD),300,HD 100|HD 101|HD 102|HD 103|HD 104|HD 105 [...~300+ total varies by species - see source URL],https://fwp.mt.gov/hunt/regulations,Resident|Nonresident|Annual|Youth|Senior|Disabled|Veteran|Military|Hunting|Combo Hunt/Fish|Sportsman,Conservation License (prereq)|Base Hunting License (prereq)|Sportsman License (with/without Bear)|General Deer License|General Elk License|Antelope License (draw)|Deer B License|Elk B License|Black Bear License|Turkey License|Upland Game Bird License|Mountain Lion License,https://fwp.mt.gov/buyandapply/hunting-licenses/resident-licenses/fees,Bear|Moose (draw)|Sheep (draw)|Goat (draw)|Bison (draw)|Wolf|Bow and Arrow License|Migratory Bird License|Federal Duck Stamp,https://fwp.mt.gov/buyandapply/hunting-licenses/resident-licenses/fees,1901,https://en.wikipedia.org/wiki/Montana_Department_of_Fish_Wildlife_and_Parks,medium,NR hunting license required 1901; resident license required 1905. Fish and Game Board established 1895.  ~300+ Hunting Districts statewide; district count varies by species. HD boundaries adopted by FW Commission (most recent Dec 2025). Conservation License + Base Hunting License required before any species license.,y
New Hampshire,NH,33,WMU,Wildlife Management Unit (WMU),22,A1|A2|B|C1|C2|D1|D2|E1|E2|E3|F|G1|H1|H2N|H2S|I1|I2|J1|J2|K|L|M,https://www.wildlife.nh.gov/hunting-nh/where-hunt/new-hampshire-wildlife-management-units,Resident|Nonresident|Annual|Short-term|Lifetime|Youth|Senior|Disabled|Veteran|Apprentice|Hunting|Combo Hunt/Fish|Trapping,Resident Hunting License|Resident Combination Hunting and Fishing License|Nonresident Hunting License|Nonresident Small Game License|Nonresident 3-Day Small Game License|Senior Combination (68+)|Permanent/Milestone Licenses (born 1947 or earlier free)|Lifetime License (age-tiered)|Newborn Lifetime Combination ($300)|Apprentice Hunting License|Disabled Veteran/Paraplegic (free),https://www.wildlife.nh.gov/licenses-and-permits/nh-license-requirements,Archery License|Muzzleloader License|Turkey Permit|Bear License (included with Hunting)|NH Migratory Waterfowl License|Federal Duck Stamp|Unit M/L Special Deer Tag (antlerless)|Wildlife Habitat Fee ($2.50 mandatory)|Moose Permit (lottery)|HIP Validation,https://www.wildlife.nh.gov/licenses-and-permits/nh-license-requirements,1909,https://waterfowlstampsandmore.com/earliest-hunting-fishing-licenses/,medium,Earliest known NH license is 1909 Resident Hunter's Permit (collector records). NH Fish & Game created 1906. 13 main WMU letters (A-M) with 22 subunits. Units L and M are special deer management units. Senior threshold is 68+. Permanent/Milestone licenses free for those born 1947 or earlier. 10 counties for historical reference.,n
New York,NY,36,WMU,Wildlife Management Unit (WMU),91,1A|1C|2A|3A|3C|3F|3G|3H|3J|3K|3M|3N|3P|3R|3S|4A|4B|4C|4F|4G|4H|4J|4K|4L|4O|4P|4R|4S|4T|4U|4W|4Y|4Z [...~91 total across 9 DEC Regions - see source URL],https://dec.ny.gov/things-to-do/hunting/regulations/wildlife-management-units,Resident|Nonresident|Annual|Lifetime|Youth|Senior|Disabled|Veteran|Military|Hunting|Combo Hunt/Fish|Sportsman,Resident Hunting License|Nonresident Hunting License|Resident Junior Hunting License (12-15)|Nonresident Junior Hunting License|Lifetime Hunting License (under 16 purchase)|Sportsman License (combo+archery+muzzleloading)|Free/Reduced: Active Military/40%+ Disabled Vet/Seniors 70+/Legally Blind,https://dec.ny.gov/regulatory/permits-licenses/sporting-and-use/sporting/hunting-license,Bowhunting Privilege|Muzzleloading Privilege|Turkey Permit|Deer Management Permit (DMP antlerless by WMU)|Federal Duck Stamp|HIP Registration,https://dec.ny.gov/regulatory/permits-licenses/sporting-and-use/sporting/hunting-license,1864,https://waterfowlstampsandmore.com/earliest-hunting-fishing-licenses/,medium,Earliest known NY hunting license is 1908 Resident Hunter's License (collector records). WMUs replaced DMUs after 1997-98 season. WMU numbers correspond to DEC Regions (1-9). Deer Management Permits (antlerless) issued by WMU quota. Seniors 70+ hunt free.,y
North Carolina,NC,37,County,County,100,Alamance|Alexander|Alleghany|Anson|Ashe|Avery|Beaufort|Bertie|Bladen|Brunswick|Buncombe|Burke|Cabarrus|Caldwell|Camden [...100 total - see source URL],https://www.ncwildlife.gov/hunting/hunting-licenses,Resident|Nonresident|Annual|Short-term|Lifetime|Youth|Senior|Disabled|Veteran|Hunting|Combo Hunt/Fish|Trapping|Sportsman,Resident State Hunting License|Resident Comprehensive Hunting License|Nonresident State Hunting License|Nonresident 10-Day Hunting License|Resident Sportsman License|Resident Unified Sportsman License|Lifetime Comprehensive Hunting|Senior Sportsman License (Lifetime)|Totally Disabled Sportsman License|Disabled Veteran Sportsman License|State Trapping License|Falconry Hunting License,https://www.ncwildlife.gov/hunting/hunting-licenses,Big Game Privilege (deer/turkey/bear)|NC Waterfowl Privilege (State Duck Stamp)|Bear Management E-Stamp|Bonus Antlerless Deer Tags (urban archery)|Federal Duck Stamp|HIP Certification,https://www.eregulations.com/northcarolina/hunting/hunting-trapping-licenses,1935,https://www.ncleg.net/EnactedLegislation/Statutes/PDF/ByArticle/Chapter_113/Article_21.pdf,medium,NC General Statutes cite 1935 c.486 as earliest hunting license session law. Earlier game regulation laws from 1929 existed. NC Wildlife Resources Commission formally created 1947. Reciprocal 10-day rates with GA/SC/TN/VA. Comprehensive license adds big game + waterfowl to base hunting license.,y
Ohio,OH,39,County,County,88,Adams|Allen|Ashland|Ashtabula|Athens|Auglaize|Belmont|Brown|Butler|Carroll|Champaign|Clark|Clermont|Clinton|Columbiana [...88 total - see source URL],https://wildlife.ohiodnr.gov/,Resident|Nonresident|Annual|Short-term|Multi-year|Lifetime|Youth|Senior|Disabled|Veteran|Apprentice|Hunting,Resident Hunting License|Nonresident Hunting License|One-Day NR Hunting License|Youth Hunting License|Senior Hunting License|Free Senior Hunting License (born before 1938)|Disabled Veteran Hunting License|Multi-year Hunting (3/5/10-year)|Adult Lifetime Hunting|Youth Lifetime Hunting|Senior Lifetime Hunting|Apprentice Hunting License,https://wildlife.ohiodnr.gov/,Deer Permit (archery/gun/muzzleloader)|Antlerless Deer Permit|Turkey Permit|OH Wetlands Habitat Stamp|Federal Duck Stamp|HIP Registration,https://wildlife.ohiodnr.gov/,1913,https://waterfowlstampsandmore.com/1913-hunting-fishing-licenses-a-historical-perspective-part-one/,high,OH was one of five states issuing first resident hunting licenses in 1913.  Earliest known OH license issued Sep 27 1913. Multi-year licenses (3/5/10-year) available for residents. Free senior license for those born on/before Dec 31 1937.,y
Pennsylvania,PA,42,County,County (historical); Wildlife Management Unit (WMU since 2003),67,Adams|Allegheny|Armstrong|Beaver|Bedford|Berks|Blair|Bradford|Bucks|Butler|Cambria|Cameron|Carbon|Centre|Chester|Clarion|Clearfield|Clinton|Columbia|Crawford|Cumberland|Dauphin|Delaware|Elk|Erie|Fayette|Forest|Franklin|Fulton|Greene|Huntingdon|Indiana|Jefferson|Juniata|Lackawanna|Lancaster|Lawrence|Lebanon|Lehigh|Luzerne|Lycoming|McKean|Mercer|Mifflin|Monroe|Montgomery|Montour|Northampton|Northumberland|Perry|Philadelphia|Pike|Potter|Schuylkill|Snyder|Somerset|Sullivan|Susquehanna|Tioga|Union|Venango|Warren|Washington|Wayne|Westmoreland|Wyoming|York,https://www.pa.gov/agencies/pgc/huntingandtrapping/wildlife-management-units/wmu-boundary-maps,Resident|Nonresident|Annual|Short-term|Lifetime|Youth|Senior|Disabled|Veteran|Military|Hunting|Combo Hunt/Fish|Furtaker|Apprentice,Resident Adult Hunting License|Resident Junior Hunting License|Resident Senior Hunting License|Resident Senior Lifetime Hunting License|Nonresident Adult Hunting License|Nonresident 7-Day Small Game License|Resident Furtaker License|Nonresident Furtaker License|Resident Junior Combination License|Mentored Youth Permit|Resident Disabled Veteran Hunting License|Resident Military Hunting License,https://www.pa.gov/agencies/pgc/huntingandtrapping/licenses-and-permits/license-types,Archery|Muzzleloader|Bear|Antlerless|Elk|Waterfowl/Migratory Bird|Federal Duck Stamp|Pheasant Permit|DMAP|Special Spring Turkey,https://www.pa.gov/agencies/pgc/huntingandtrapping/licenses-and-permits/license-types,1913,https://waterfowlstampsandmore.com/1913-hunting-fishing-licenses-a-historical-perspective-part-three/,high,First PA hunting license sold in 1913 for $1. PA Game Commission created 1895 but licenses not required until 1913. Pre-2003 licenses county-based; 22 WMUs replaced counties in 2003. Antlerless deer quotas were by county 1951-2002.,n
Tennessee,TN,47,County,County,95,Anderson|Bedford|Benton|Bledsoe|Blount|Bradley|Campbell|Cannon|Carroll|Carter|Cheatham|Chester|Claiborne|Clay|Cocke [...95 total - see source URL],https://www.tn.gov/twra/hunting.html,Resident|Nonresident|Annual|Short-term|Lifetime|Youth|Senior|Disabled|Veteran|Hunting|Combo Hunt/Fish|Trapping|Sportsman,Resident Junior Hunt/Fish/Trap|Resident Combo Hunt/Fish|Resident Annual Sportsman|Resident Senior Sportsman (65+)|Resident Senior Citizen Hunt/Fish/Trap|Resident Permanent Senior Citizen Hunt/Fish/Trap|Resident Lifetime Sportsman|NR 7-Day All Game|NR Annual All Game|NR 7-Day Hunt-Small Game/Waterfowl|NR Annual Hunt-Small Game/Waterfowl|Apprentice Hunter Education Permit|NR Native Tennessean License|Disabled Veteran Hunting and Fishing|Wheelchair Hunt/Fish License,https://www.tn.gov/twra/license-sales.html,Big Game Gun Supplemental|Big Game Archery Supplemental|Big Game Muzzleloader Supplemental|Waterfowl Supplemental|Trapping Supplemental|WMA Permits (quota/non-quota)|Federal Duck Stamp,https://www.eregulations.com/tennessee/hunting/license-fees,1920,https://waterfowlstampsandmore.com/earliest-hunting-fishing-licenses/,medium,Earliest known TN hunting license is 1920 county license to hunt (collector records). Actual statutory requirement may be earlier. TWRA established 1974. TN uses supplemental licenses on top of base Combo Hunt/Fish. NR Native Tennessean (born in TN) gets resident rates.,y
Texas,TX,48,County,County,254,Anderson|Andrews|Angelina|Aransas|Archer|Armstrong|Atascosa|Austin|Bailey|Bandera|Bastrop|Baylor|Bee|Bell|Bexar [...254 total - see source URL],https://tpwd.texas.gov/regulations/outdoor-annual/licenses/,Resident|Nonresident|Annual|Short-term|Lifetime|Youth|Senior|Disabled|Veteran|Military|Hunting|Combo Hunt/Fish|Trapping|Sportsman,Resident General Hunting License|Non-Resident General Hunting License|Non-Resident Special 5-Day Small Game License|Senior Resident Hunting License|Youth Hunting License|Lifetime Hunting License|Disabled Veteran Hunting License|Resident Super Combo|Non-Resident Super Combo|Trapper's License,https://tpwd.texas.gov/regulations/outdoor-annual/licenses/hunting-licenses-and-permits/hunting-licenses,Archery Endorsement|Migratory Game Bird Endorsement|Upland Game Bird Endorsement|Federal Duck Stamp|MLDP Tags|Pronghorn Permit|APH Permit,https://tpwd.texas.gov/regulations/outdoor-annual/licenses/hunting-licenses-and-permits,1909,https://www.tshaonline.org/handbook/entries/texas-game-and-fish-commission,high,Texas State Historical Association confirms first hunting licenses sold in 1909. Office of Game Fish and Oyster Commissioner established 1907. Regulations set by county in the Outdoor Annual.,y
Vermont,VT,50,WMU,Wildlife Management Unit (WMU),21,A|B|C|D1|D2|E1|E2|F1|F2|G|H|I|J1|J2|K|L|M|N|O|P|Q,https://www.vtfishandwildlife.com/wildlife-management-units,Resident|Nonresident|Annual|Lifetime|Youth|Senior|Disabled|Veteran|Hunting|Combo Hunt/Fish|Trapping,Resident Hunting License|Nonresident Hunting License|Resident Combination Hunting and Fishing License|Youth Hunting License (under 18)|Mentored Hunting License|Permanent License (66+ one-time $60)|Lifetime License (age-tiered)|Trapping License|Free: Paraplegic/60%+ Disabled Vet/Tribal Members,https://legislature.vermont.gov/statutes/section/10/105/04255,Archery License|Muzzleloader License|Turkey Permit|Bear License|Moose Permit (lottery)|Antlerless Deer Permit (lottery by WMU)|VT Waterfowl Stamp|Federal Duck Stamp|HIP Registration,https://www.eregulations.com/vermont/hunting/license-information,1908,https://legislature.vermont.gov/Documents/2020/WorkGroups/House%20Commerce/Vermont%20Fish%20and%20Wildlife/W~Louis%20Porter~Vermont%20Fish%20and%20Wildlife%20Background~1-22-2019.pdf,medium,VT Fish & Wildlife official presentation states 1908 first resident hunting and fishing license. Some sources say 1909. Fish & Game Dept created 1906. WMUs established 1979; pre-1979 antique licenses unlikely to reference management units. 17 base letter units with D/E/F/J subdivided into numbered subunits.,n
Virginia,VA,51,County,County and Independent City,133,Accomack|Albemarle|Alleghany|Amelia|Amherst|Appomattox|Arlington|Augusta|Bath|Bedford|Bland|Botetourt|Brunswick|Buchanan|Buckingham [...95 counties + 38 independent cities = 133 total - see source URL],https://dwr.virginia.gov/hunting/regulations/deer/,Resident|Nonresident|Annual|Short-term|Multi-year|Lifetime|Youth|Senior|Disabled|Veteran|Apprentice|Hunting|Combo Hunt/Fish|Trapping|Sportsman,Resident Hunting License (1/2/3/4-year)|Resident County or City Hunting License|Resident Junior Hunting License|Resident Youth Combination Hunting License|Resident Sportsman's License|Resident Senior Citizen Hunting License (65+)|Nonresident Hunting License|Nonresident 3-Day Hunt License|Resident Fox Hunting License|Disabled Veteran Lifetime License|Legacy License (youth lifetime)|Trapping License,https://dwr.virginia.gov/hunting/regulations/licenses/,Bear License|Deer/Turkey License|Archery License|Muzzleloading License|VA Migratory Waterfowl Conservation Stamp|Federal Duck Stamp|National Forest Permit|Bonus Deer Permits (DCAP/DMAP/DPOP)|HIP Authorization,https://dwr.virginia.gov/hunting/regulations/licenses/,1916,https://waterfowlstampsandmore.com/earliest-hunting-fishing-licenses/,medium,Earliest known VA hunting license is 1916-17 county hunter's license (collector records). VA uniquely offers county/city-specific resident hunting license ($16) cheaper than statewide ($23). Multi-year licenses available up to 4 years. 95 counties + 38 independent cities = 133 jurisdictions.,y
West Virginia,WV,54,County,County,55,Barbour|Berkeley|Boone|Braxton|Brooke|Cabell|Calhoun|Clay|Doddridge|Fayette|Gilmer|Grant|Greenbrier|Hampshire|Hancock|Hardy|Harrison|Jackson|Jefferson|Kanawha|Lewis|Lincoln|Logan|Marion|Marshall|Mason|McDowell|Mercer|Mineral|Mingo|Monongalia|Monroe|Morgan|Nicholas|Ohio|Pendleton|Pleasants|Pocahontas|Preston|Putnam|Raleigh|Randolph|Ritchie|Roane|Summers|Taylor|Tucker|Tyler|Upshur|Wayne|Webster|Wetzel|Wirt|Wood|Wyoming,https://wvdnr.gov/,Resident|Nonresident|Annual|Multi-year|Lifetime|Youth|Senior|Disabled|Veteran|Hunting|Combo Hunt/Fish|Trapping|Sportsman|Apprentice,Hunting License (Class A)|Sportsman License (Class X)|3-Year Sportsman (Class X3)|Permanent Sportsman (Class XP)|Junior Sportsman (Class XJ)|Senior Hunting/Trapping/Fishing (Class XS 65+)|Lifetime Hunting (Class A-L)|Lifetime Combo (Class AB-L)|Nonresident Hunting (Class E)|NR Bear Hunting (Class EE)|NR Junior Sportsman (Class XXJ)|Apprentice Hunting (Class AH)|Disabled Hunting Permit (Class Q),https://wvdnr.gov/frequently-asked-questions/regulations-and-licenses/,Conservation Stamp (Class CS)|Big Game Stamp (Class BG)|Bear Damage Stamp (Class DS)|Antlerless Deer Stamp (Class N/NN)|Additional Muzzleloader Deer Stamp (Class RM)|National Forest Stamp (Class I)|Federal Duck Stamp|HIP Card,https://wvdnr.gov/frequently-asked-questions/regulations-and-licenses/,1899,https://wvexplorer.com/west-virginia-hunter-magazine/history-of-hunting-regulations/,high,WV first NR hunting license 1899 ($25). First resident license 1909-10. Game and Fish Warden office created 1897. WV uses Class code system (A/E/X/BG/CS etc.) for all license types. Antlerless deer stamps (Class N/NN) are county-specific. Conservation Stamp required for all hunters.,n
Wisconsin,WI,55,County,County (historical/antique); Deer Management Unit (DMU current),72,Adams|Ashland|Barron|Bayfield|Brown|Buffalo|Burnett|Calumet|Chippewa|Clark|Columbia|Crawford|Dane|Dodge|Door|Douglas|Dunn|Eau Claire|Florence|Fond du Lac|Forest|Grant|Green|Green Lake|Iowa|Iron|Jackson|Jefferson|Juneau|Kenosha|Kewaunee|La Crosse|Lafayette|Langlade|Lincoln|Manitowoc|Marathon|Marinette|Marquette|Menominee|Milwaukee|Monroe|Oconto|Oneida|Outagamie|Ozaukee|Pepin|Pierce|Polk|Portage|Price|Racine|Richland|Rock|Rusk|St. Croix|Sauk|Sawyer|Shawano|Sheboygan|Taylor|Trempealeau|Vernon|Vilas|Walworth|Washburn|Washington|Waukesha|Waupaca|Waushara|Winnebago|Wood,https://dnr.wisconsin.gov/topic/hunt/deer,Resident|Nonresident|Annual|Short-term|Lifetime|Youth|Senior|Military|Hunting|Combo Hunt/Fish|Trapping|Sportsman,Resident Small Game|Resident Gun Deer|Resident Archer|Nonresident Small Game|Nonresident 5-Day Small Game|Conservation Patron|Junior Conservation Patron|Sports License|Resident Trapping|Youth Small Game|Senior Small Game,https://www.eregulations.com/wisconsin/hunting/hunting-licenses-and-fees,Deer Harvest Authorization (Antlerless)|Turkey Stamp|Turkey License|Bear License|Elk Application|Waterfowl Stamp|Pheasant Stamp|Federal Duck Stamp|Wolf License,https://www.eregulations.com/wisconsin/hunting/hunting-licenses-and-fees,1897,https://dnr.wi.gov/news/Weekly/article/?id=1258,high,First WI hunting license 1897: $1 resident/$30 nonresident. ~12000 licenses sold first year.  First deer license to George Ogomoso of Armstrong Creek.  ~130 DMUs currently used for deer management; county remains the historical unit for antique licenses.,n
Wyoming,WY,56,Hunt Area,Hunt Area,90,Area 1 (Crook)|Area 2 (Bearlodge)|Area 3 (Keyhole)|Area 4 (Arch Creek)|Area 5 (Inyan Kara)|Area 6 (S. Newcastle)|Area 7 (S. Upton)|Area 8 (Niobrara)|Area 9 (Lance Creek)|Area 10 (Lake De Smet) [...~90 deer hunt areas; ~100+ elk; ~100+ antelope - see source URL],https://wgfd.wyo.gov/HuntPlanner,Resident|Nonresident|Annual|Youth|Senior|Disabled|Veteran|Hunting|Trapping,Conservation Stamp (prereq)|General Elk (OTC)|Limited Quota Elk|General Deer (OTC)|Limited Quota Deer|Limited Quota Antelope|Bird/Small Game License|Pioneer License (65+ 30yr resident)|Pioneer Heritage License|Disabled Veteran License|Youth Licenses,https://wgfd.wyo.gov/licenses-applications/license-fee-list,Archery Permit|Moose (draw)|Bighorn Sheep (draw)|Mountain Goat (draw)|Wild Bison (draw)|Turkey (draw)|Federal Duck Stamp,https://wgfd.wyo.gov/licenses-applications,1886,null,low,Game Warden office created 1899; fishing license not required until 1920. Hunting license start year unconfirmed—estimated 1899-1905. Hunt Areas vary by species; deer ~90 areas elk ~100+ antelope ~100+. Conservation Stamp required for all hunters.,y
